"","analysis_date","export","batch_id","sample_id","pond","date","depth","replicate","CO2_FID","CO2_TCD","CH4_FID","CH4_TCD","N2O_ECD"
"1","4/21/22 19:30","20220422_gorskywinter_box1.txt","POND","HP_2022-01-12_Air_1","HP",2022-01-12,"Air","1",365.05168,429.75404,1.61732,0,0.55308
"2","4/21/22 19:45","20220422_gorskywinter_box1.txt","POND","HP_2022-01-12_Air_2","HP",2022-01-12,"Air","2",454.37573,517.01307,1.36685,0,0.46064
"3","4/21/22 20:00","20220422_gorskywinter_box1.txt","POND","LM-ARB_2022-01-12_Air_1","LM-ARB",2022-01-12,"Air","1",367.03255,449.62077,1.31556,0,0.42942
"4","4/21/22 20:15","20220422_gorskywinter_box1.txt","POND","LM-ARB_2022-01-12_Air_2","LM-ARB",2022-01-12,"Air","2",381.58208,453.0481,1.21724,0,0.40374
"5","4/21/22 20:30","20220422_gorskywinter_box1.txt","POND","UM-ARB_2022-01-12_Air_1","UM-ARB",2022-01-12,"Air","1",361.47668,433.90275,1.26799,0,0.41933
"6","4/21/22 20:46","20220422_gorskywinter_box1.txt","POND","UM-ARB_2022-01-12_Air_2","UM-ARB",2022-01-12,"Air","2",372.5768,444.27609,1.19173,0,0.40669
"7","4/21/22 21:01","20220422_gorskywinter_box1.txt","POND","OPP-E_2022-01-12_Air_1","OPP-E",2022-01-12,"Air","1",360.17916,432.60459,1.01122,0,0.40294
"8","4/21/22 21:16","20220422_gorskywinter_box1.txt","POND","OPP-E_2022-01-12_Air_2","OPP-E",2022-01-12,"Air","2",359.85782,424.25602,1.08346,0,0.412
"9","4/21/22 21:31","20220422_gorskywinter_box1.txt","POND","OPP-W_2022-01-12_Air_1","OPP-W",2022-01-12,"Air","1",599.025,657.91795,1.46816,0,0.41743
"10","4/21/22 21:46","20220422_gorskywinter_box1.txt","POND","OPP-W_2022-01-12_Air_2","OPP-W",2022-01-12,"Air","2",369.33096,439.04134,1.26654,0,0.41389
"11","4/21/22 22:01","20220422_gorskywinter_box1.txt","POND","L60_2022-01-13_Air_1","L60",2022-01-13,"Air","1",370.58097,444.76325,0.90608,0,0.4205
"12","4/21/22 22:17","20220422_gorskywinter_box1.txt","POND","L60_2022-01-13_Air_2","L60",2022-01-13,"Air","2",360.65059,425.87053,1.28118,0,0.41834
"13","4/21/22 22:32","20220422_gorskywinter_box1.txt","POND","ALC_2022-01-13_Air_1","ALC",2022-01-13,"Air","1",387.46539,456.94983,1.0694,0,0.43348
"14","4/21/22 22:47","20220422_gorskywinter_box1.txt","POND","ALC_2022-01-13_Air_2","ALC",2022-01-13,"Air","2",390.57364,453.63861,1.23351,0,0.42454
"15","4/21/22 23:02","20220422_gorskywinter_box1.txt","POND","DCSW1_2022-01-13_Air_1","DCSW1",2022-01-13,"Air","1",383.99642,448.67993,1.21327,0,0.42039
"16","4/21/22 23:17","20220422_gorskywinter_box1.txt","POND","DCSW1_2022-01-13_Air_2","DCSW1",2022-01-13,"Air","2",376.89396,449.0735,1.40003,0,0.43114
"17","4/21/22 23:32","20220422_gorskywinter_box1.txt","POND","DCSW2_2022-01-13_Air_1","DCSW2",2022-01-13,"Air","1",383.27575,452.32847,1.10633,0,0.43656
"18","4/21/22 23:48","20220422_gorskywinter_box1.txt","POND","DCSW2_2022-01-13_Air_2","DCSW2",2022-01-13,"Air","2",371.60615,436.13763,1.07207,0,0.42815
"19","4/22/22 0:03","20220422_gorskywinter_box1.txt","POND","DCSW3_2022-01-13_Air_1","DCSW3",2022-01-13,"Air","1",374.49587,441.68528,0.98867,0,0.4377
"20","4/22/22 0:18","20220422_gorskywinter_box1.txt","POND","DCSW3_2022-01-13_Air_2","DCSW3",2022-01-13,"Air","2",380.10051,450.75584,1.16081,0,0.43038
"21","4/22/22 0:33","20220422_gorskywinter_box1.txt","POND","CAP_2022-01-13_Air_1","CAP",2022-01-13,"Air","1",370.25132,424.89261,1.11958,0,0.44226
"22","4/22/22 0:48","20220422_gorskywinter_box1.txt","POND","CAP_2022-01-13_Air_2","CAP",2022-01-13,"Air","2",383.24352,444.31302,1.14879,0,0.43488
"23","4/22/22 1:03","20220422_gorskywinter_box1.txt","POND","DOBA5_2022-01-13_Air_1","DOBA5",2022-01-13,"Air","1",410.55029,465.43531,1.27482,0,0.44405
"24","4/22/22 1:19","20220422_gorskywinter_box1.txt","POND","DOBA5_2022-01-13_Air_2","DOBA5",2022-01-13,"Air","2",382.29863,451.13039,1.27913,0,0.44965
"25","4/22/22 1:34","20220422_gorskywinter_box1.txt","POND","DOBA4_2022-01-13_Air_1","DOBA4",2022-01-13,"Air","1",432.3595,496.66276,1.25042,0,0.43735
"26","4/22/22 1:49","20220422_gorskywinter_box1.txt","POND","DOBA4_2022-01-13_Air_2","DOBA4",2022-01-13,"Air","2",611.40172,663.7152,1.08188,0,0.43975
"27","4/22/22 2:04","20220422_gorskywinter_box1.txt","POND","KP_2022-01-14_Air_1","KP",2022-01-14,"Air","1",365.52406,432.44533,0.96707,0,0.43286
"28","4/22/22 2:19","20220422_gorskywinter_box1.txt","POND","KP_2022-01-14_Air_2","KP",2022-01-14,"Air","2",363.73053,425.50025,0.81871,0,0.43634
"29","4/22/22 2:34","20220422_gorskywinter_box1.txt","POND","ELV_2022-01-14_Air_1","ELV",2022-01-14,"Air","1",365.88834,427.77506,1.44829,0,0.43639
"30","4/22/22 2:50","20220422_gorskywinter_box1.txt","POND","ELV_2022-01-14_Air_2","ELV",2022-01-14,"Air","2",356.05196,426.65316,1.21839,0,0.43826
"31","4/22/22 3:05","20220422_gorskywinter_box1.txt","POND","MDT_2022-01-14_Air_1","MDT",2022-01-14,"Air","1",362.85399,421.61751,1.23365,0,0.43733
"32","4/22/22 3:20","20220422_gorskywinter_box1.txt","POND","MDT_2022-01-14_Air_2","MDT",2022-01-14,"Air","2",365.53057,424.22035,0.84182,0,0.44635
"33","4/22/22 3:35","20220422_gorskywinter_box1.txt","POND","O-N_2022-01-14_Air_1","O-N",2022-01-14,"Air","1",358.69194,417.32961,0.95133,0,0.44485
"34","4/22/22 3:50","20220422_gorskywinter_box1.txt","POND","O-N_2022-01-14_Air_2","O-N",2022-01-14,"Air","2",363.3761,424.07921,1.13565,0,0.45342
"35","4/22/22 4:05","20220422_gorskywinter_box1.txt","POND","O-S_2022-01-14_Air_1","O-S",2022-01-14,"Air","1",359.26716,426.25865,1.15608,0,0.45255
"36","4/22/22 4:21","20220422_gorskywinter_box1.txt","POND","O-S_2022-01-14_Air_2","O-S",2022-01-14,"Air","2",360.40052,426.30809,1.27243,0,0.4542
"37","4/22/22 4:36","20220422_gorskywinter_box1.txt","POND","DOBA7_2022-01-14_Air_1","DOBA7",2022-01-14,"Air","1",390.09861,455.85992,1.14735,0,0.45221
"38","4/22/22 4:51","20220422_gorskywinter_box1.txt","POND","DOBA7_2022-01-14_Air_2","DOBA7",2022-01-14,"Air","2",357.43599,431.56008,1.17726,0,0.45051
"39","4/22/22 5:06","20220422_gorskywinter_box1.txt","POND","DOBA8_2022-01-14_Air_1","DOBA8",2022-01-14,"Air","1",449.95188,511.64114,1.12422,0,0.45565
"40","4/22/22 5:21","20220422_gorskywinter_box1.txt","POND","DOBA8_2022-01-14_Air_2","DOBA8",2022-01-14,"Air","2",373.85401,441.78919,1.05163,0,0.45685
"41","4/22/22 5:36","20220422_gorskywinter_box1.txt","POND","HP_2022-01-31_Air_1","HP",2022-01-31,"Air","1",366.1365,434.77045,1.20873,0,0.4807
"42","4/22/22 5:52","20220422_gorskywinter_box1.txt","POND","HP_2022-01-31_Air_2","HP",2022-01-31,"Air","2",364.61177,427.65636,1.31206,0,0.46397
"43","4/22/22 6:07","20220422_gorskywinter_box1.txt","POND","LM-ARB_2022-01-31_Air_1","LM-ARB",2022-01-31,"Air","1",366.55042,441.18887,1.14531,0,0.46215
"44","4/22/22 6:22","20220422_gorskywinter_box1.txt","POND","LM-ARB_2022-01-31_Air_2","LM-ARB",2022-01-31,"Air","2",374.03798,430.79781,1.0665,0,0.46166
"45","4/22/22 6:37","20220422_gorskywinter_box1.txt","POND","UM-ARB_2022-01-31_Air_1","UM-ARB",2022-01-31,"Air","1",369.95593,426.81349,1.2095,0,0.46222
"46","4/22/22 6:52","20220422_gorskywinter_box1.txt","POND","UM-ARB_2022-01-31_Air_2","UM-ARB",2022-01-31,"Air","2",364.14402,437.73101,1.11091,0,0.46122
"47","4/22/22 7:08","20220422_gorskywinter_box1.txt","POND","OPP-E_2022-01-31_Air_1","OPP-E",2022-01-31,"Air","1",425.77069,501.20101,1.04293,0,0.46937
"48","4/22/22 7:23","20220422_gorskywinter_box1.txt","POND","OPP-E_2022-01-31_Air_2","OPP-E",2022-01-31,"Air","2",363.01399,444.39629,1.07535,0,0.46131
"49","4/22/22 7:38","20220422_gorskywinter_box1.txt","POND","OPP-W_2022-01-31_Air_1","OPP-W",2022-01-31,"Air","1",379.09835,434.76452,1.22033,0,0.46491
"50","4/22/22 7:53","20220422_gorskywinter_box1.txt","POND","OPP-W_2022-01-31_Air_2","OPP-W",2022-01-31,"Air","2",371.03602,436.60983,1.18832,0,0.47266
"51","4/22/22 8:08","20220422_gorskywinter_box1.txt","POND","L60_2022-01-31_Air_1","L60",2022-01-31,"Air","1",367.19817,428.96433,0.87012,0,0.48414
"52","4/22/22 8:23","20220422_gorskywinter_box1.txt","POND","L60_2022-01-31_Air_2","L60",2022-01-31,"Air","2",376.92843,445.3545,1.23827,0,0.47229
"53","4/22/22 8:38","20220422_gorskywinter_box1.txt","POND","ALC_2022-01-27_Air_1","ALC",2022-01-27,"Air","1",366.25551,441.74576,1.19032,0,0.47314
"54","4/22/22 8:54","20220422_gorskywinter_box1.txt","POND","ALC_2022-01-27_Air_2","ALC",2022-01-27,"Air","2",368.27812,423.63255,1.20903,0,0.46883
"55","4/22/22 9:09","20220422_gorskywinter_box1.txt","POND","DCSW1_2022-01-27_Air_1","DCSW1",2022-01-27,"Air","1",443.93983,501.00561,1.10033,0,0.46991
"56","4/22/22 9:24","20220422_gorskywinter_box1.txt","POND","DCSW1_2022-01-27_Air_2","DCSW1",2022-01-27,"Air","2",374.59755,441.82835,0.93253,0,0.47297
"57","4/22/22 9:39","20220422_gorskywinter_box1.txt","POND","DCSW2_2022-01-27_Air_1","DCSW2",2022-01-27,"Air","1",363.96934,426.43274,1.13082,0,0.4702
"58","4/22/22 9:54","20220422_gorskywinter_box1.txt","POND","DCSW2_2022-01-27_Air_2","DCSW2",2022-01-27,"Air","2",365.83388,430.70242,1.00273,0,0.47125
"59","4/22/22 10:09","20220422_gorskywinter_box1.txt","POND","DCSW3_2022-01-27_Air_1","DCSW3",2022-01-27,"Air","1",352.19866,425.25636,1.12907,0,0.47492
"60","4/22/22 10:25","20220422_gorskywinter_box1.txt","POND","DCSW3_2022-01-27_Air_2","DCSW3",2022-01-27,"Air","2",394.28571,461.31112,0.91278,0,0.46981
"61","4/22/22 10:40","20220422_gorskywinter_box1.txt","POND","CAP_2022-01-27_Air_1","CAP",2022-01-27,"Air","1",359.6021,441.87889,1.18785,0,0.47104
"62","4/22/22 10:55","20220422_gorskywinter_box1.txt","POND","CAP_2022-01-27_Air_2","CAP",2022-01-27,"Air","2",359.89866,419.46394,0.78711,0,0.47562
"63","4/22/22 11:10","20220422_gorskywinter_box1.txt","POND","DOBA5_2022-01-27_Air_1","DOBA5",2022-01-27,"Air","1",379.1506,438.67955,1.04319,0,0.48195
"64","4/22/22 11:25","20220422_gorskywinter_box1.txt","POND","DOBA5_2022-01-27_Air_2","DOBA5",2022-01-27,"Air","2",365.14363,434.0687,1.38843,0,0.47555
"65","4/22/22 11:40","20220422_gorskywinter_box1.txt","POND","DOBA4_2022-01-27_Air_1","DOBA4",2022-01-27,"Air","1",369.15345,423.90745,1.0678,0,0.47515
"66","4/22/22 11:55","20220422_gorskywinter_box1.txt","POND","DOBA4_2022-01-27_Air_2","DOBA4",2022-01-27,"Air","2",364.89519,429.9429,0.70067,0,0.47247
"67","4/22/22 12:11","20220422_gorskywinter_box1.txt","POND","KP_2022-01-30_Air_1","KP",2022-01-30,"Air","1",366.74691,430.85158,1.14543,0,0.47968
"68","4/22/22 12:26","20220422_gorskywinter_box1.txt","POND","KP_2022-01-30_Air_2","KP",2022-01-30,"Air","2",361.10215,436.14151,1.07515,0,0.48253
"69","4/22/22 12:41","20220422_gorskywinter_box1.txt","POND","ELV_2022-01-30_Air_1","ELV",2022-01-30,"Air","1",358.97147,426.87989,1.24223,0,0.48361
"70","4/22/22 12:56","20220422_gorskywinter_box1.txt","POND","ELV_2022-01-30_Air_2","ELV",2022-01-30,"Air","2",362.69203,440.36753,1.27701,0,0.47956
"71","4/22/22 13:11","20220422_gorskywinter_box1.txt","POND","MDT_2022-01-30_Air_1","MDT",2022-01-30,"Air","1",365.99614,451.74145,1.39201,0,0.47995
"72","4/22/22 13:26","20220422_gorskywinter_box1.txt","POND","MDT_2022-01-30_Air_2","MDT",2022-01-30,"Air","2",363.35012,424.70185,1.44371,0,0.49082
"73","4/22/22 13:42","20220422_gorskywinter_box1.txt","POND","O-N_2022-01-30_Air_1","O-N",2022-01-30,"Air","1",429.06075,490.87843,0.99382,0,0.4794
"74","4/22/22 13:57","20220422_gorskywinter_box1.txt","POND","O-N_2022-01-30_Air_2","O-N",2022-01-30,"Air","2",373.80144,434.60687,1.0462,0,0.48321
"75","4/22/22 14:12","20220422_gorskywinter_box1.txt","POND","O-S_2022-01-30_Air_1","O-S",2022-01-30,"Air","1",420.30394,497.78533,1.18084,0,0.48767
"76","4/22/22 14:27","20220422_gorskywinter_box1.txt","POND","O-S_2022-01-30_Air_2","O-S",2022-01-30,"Air","2",379.371,429.53187,1.03958,0,0.48725
"77","4/22/22 14:42","20220422_gorskywinter_box1.txt","POND","DOBA7_2022-01-31_Air_1","DOBA7",2022-01-31,"Air","1",365.62983,429.93007,1.25265,0,0.49078
"78","4/22/22 14:57","20220422_gorskywinter_box1.txt","POND","DOBA7_2022-01-31_Air_2","DOBA7",2022-01-31,"Air","2",369.68086,433.59114,1.1587,0,0.48202
"79","4/22/22 15:13","20220422_gorskywinter_box1.txt","POND","DOBA8_2022-01-30_Air_1","DOBA8",2022-01-30,"Air","1",366.11551,425.48163,1.42509,0,0.48541
"80","4/22/22 15:28","20220422_gorskywinter_box1.txt","POND","DOBA8_2022-01-30_Air_2","DOBA8",2022-01-30,"Air","2",365.30702,427.81998,1.24451,0,0.48349
"81","4/22/22 15:43","20220422_gorskywinter_box1.txt","POND","HP_2022-02-09_Air_1","HP",2022-02-09,"Air","1",360.8747,424.82613,1.27931,0,0.48442
"82","4/22/22 15:58","20220422_gorskywinter_box1.txt","POND","HP_2022-02-09_Air_2","HP",2022-02-09,"Air","2",393.54469,457.4248,1.18309,0,0.48646
"83","4/22/22 16:13","20220422_gorskywinter_box1.txt","POND","L60_2022-02-09_Air_1","L60",2022-02-09,"Air","1",355.80615,420.0127,1.33926,0,0.48786
"84","4/22/22 16:28","20220422_gorskywinter_box1.txt","POND","L60_2022-02-09_Air_2","L60",2022-02-09,"Air","2",353.42267,427.08645,1.11173,0,0.48788
"85","4/22/22 16:43","20220422_gorskywinter_box1.txt","POND","ALC_2022-02-09_Air_1","ALC",2022-02-09,"Air","1",389.61416,446.46118,1.23176,0,0.50418
"86","4/22/22 16:59","20220422_gorskywinter_box1.txt","POND","ALC_2022-02-09_Air_2","ALC",2022-02-09,"Air","2",357.89189,426.33355,0.86698,0,0.50229
"87","4/22/22 17:14","20220422_gorskywinter_box1.txt","POND","DOBA5_2022-02-09_Air_1","DOBA5",2022-02-09,"Air","1",506.62728,572.84566,1.069,0,0.50129
"88","4/22/22 17:29","20220422_gorskywinter_box1.txt","POND","DOBA5_2022-02-09_Air_2","DOBA5",2022-02-09,"Air","2",360.88062,433.58842,1.33689,0,0.50073
"89","4/22/22 17:44","20220422_gorskywinter_box1.txt","POND","DOBA4_2022-02-09_Air_1","DOBA4",2022-02-09,"Air","1",366.88846,424.05983,1.31841,0,0.50474
"90","4/22/22 17:59","20220422_gorskywinter_box1.txt","POND","DOBA4_2022-02-09_Air_2","DOBA4",2022-02-09,"Air","2",355.22817,426.3676,1.02135,0,0.50298
"91","4/22/22 18:14","20220422_gorskywinter_box1.txt","POND","DCSW1_2022-02-09_Air_1","DCSW1",2022-02-09,"Air","1",355.61355,425.38276,0.89612,0,0.49855
"92","4/22/22 18:30","20220422_gorskywinter_box1.txt","POND","DCSW1_2022-02-09_Air_2","DCSW1",2022-02-09,"Air","2",355.60279,430.02318,1.19186,0,0.50714
"93","4/22/22 18:45","20220422_gorskywinter_box1.txt","POND","DCSW2_2022-02-09_Air_1","DCSW2",2022-02-09,"Air","1",401.15513,468.55732,0.97778,0,0.50173
"94","4/22/22 19:00","20220422_gorskywinter_box1.txt","POND","DCSW2_2022-02-09_Air_2","DCSW2",2022-02-09,"Air","2",365.38365,436.24432,1.19465,0,0.49921
"95","4/22/22 19:15","20220422_gorskywinter_box1.txt","POND","DCSW3_2022-02-09_Air_1","DCSW3",2022-02-09,"Air","1",360.51495,420.98396,1.14574,0,0.50067
"96","4/22/22 19:30","20220422_gorskywinter_box1.txt","POND","DCSW3_2022-02-09_Air_2","DCSW3",2022-02-09,"Air","2",352.17489,429.21288,0.96497,0,0.49545
"97","4/22/22 19:45","20220422_gorskywinter_box1.txt","POND","CAP_2022-02-09_Air_1","CAP",2022-02-09,"Air","1",358.73208,429.63562,0.8846,0,0.49853
"98","4/22/22 20:00","20220422_gorskywinter_box1.txt","POND","CAP_2022-02-09_Air_2","CAP",2022-02-09,"Air","2",445.09989,523.27708,1.11707,0,0.49998
"99","4/22/22 20:16","20220422_gorskywinter_box1.txt","POND","MDT_2022-02-10_Air_1","MDT",2022-02-10,"Air","1",351.09765,427.67628,1.1733,0,0.49788
"100","4/22/22 20:31","20220422_gorskywinter_box1.txt","POND","MDT_2022-02-10_Air_2","MDT",2022-02-10,"Air","2",362.43736,431.44997,1.05926,0,0.50794
"101","4/22/22 20:46","20220422_gorskywinter_box2.txt","POND","ELV_2022-02-10_Air_1","ELV",2022-02-10,"Air","1",358.00475,423.94895,1.43601,0,0.49866
"102","4/22/22 21:01","20220422_gorskywinter_box2.txt","POND","ELV_2022-02-10_Air_2","ELV",2022-02-10,"Air","2",355.78444,426.60865,0.82441,0,0.50482
"103","4/22/22 21:16","20220422_gorskywinter_box2.txt","POND","KP_2022-02-10_Air_1","KP",2022-02-10,"Air","1",366.3397,423.42124,1.26688,0,0.49629
"104","4/22/22 21:31","20220422_gorskywinter_box2.txt","POND","KP_2022-02-10_Air_2","KP",2022-02-10,"Air","2",368.84318,434.43662,1.06669,0,0.50163
"105","4/22/22 21:47","20220422_gorskywinter_box2.txt","POND","O-S_2022-02-10_Air_1","O-S",2022-02-10,"Air","1",355.12188,421.94049,1.04728,0,0.50194
"106","4/22/22 22:02","20220422_gorskywinter_box2.txt","POND","O-S_2022-02-10_Air_2","O-S",2022-02-10,"Air","2",355.37109,424.02028,1.26294,0,0.49781
"107","4/22/22 22:17","20220422_gorskywinter_box2.txt","POND","O-N_2022-02-10_Air_1","O-N",2022-02-10,"Air","1",360.01612,417.94028,0.96779,0,0.50177
"108","4/22/22 22:32","20220422_gorskywinter_box2.txt","POND","O-N_2022-02-10_Air_2","O-N",2022-02-10,"Air","2",356.72403,429.54509,1.05534,0,0.49583
"109","4/22/22 22:47","20220422_gorskywinter_box2.txt","POND","DOBA8_2022-02-10_Air_1","DOBA8",2022-02-10,"Air","1",366.62916,428.83078,0.93158,0,0.5128
"110","4/22/22 23:02","20220422_gorskywinter_box2.txt","POND","DOBA8_2022-02-10_Air_2","DOBA8",2022-02-10,"Air","2",363.19118,425.90891,0.93788,0,0.50361
"111","4/22/22 23:18","20220422_gorskywinter_box2.txt","POND","DOBA7_2022-02-11_Air_1","DOBA7",2022-02-11,"Air","1",367.7806,415.14177,1.10675,0,0.50774
"112","4/22/22 23:33","20220422_gorskywinter_box2.txt","POND","DOBA7_2022-02-11_Air_2","DOBA7",2022-02-11,"Air","2",367.7736,441.40229,1.1022,0,0.50805
"113","4/22/22 23:48","20220422_gorskywinter_box2.txt","POND","OPP-W_2022-02-11_Air_1","OPP-W",2022-02-11,"Air","1",346.42203,424.19476,1.02591,0,0.50732
"114","4/23/22 0:03","20220422_gorskywinter_box2.txt","POND","OPP-W_2022-02-11_Air_2","OPP-W",2022-02-11,"Air","2",343.75234,417.91212,1.01315,0,0.5077
"115","4/23/22 0:18","20220422_gorskywinter_box2.txt","POND","OPP-E_2022-02-11_Air_1","OPP-E",2022-02-11,"Air","1",352.83323,418.39664,1.08353,0,0.5056
"116","4/23/22 0:33","20220422_gorskywinter_box2.txt","POND","OPP-E_2022-02-11_Air_2","OPP-E",2022-02-11,"Air","2",355.5376,417.05569,1.09179,0,0.51098
"117","4/23/22 0:49","20220422_gorskywinter_box2.txt","POND","UM-ARB_2022-02-11_Air_1","UM-ARB",2022-02-11,"Air","1",355.56552,417.32262,0.99232,0,0.50775
"118","4/23/22 1:04","20220422_gorskywinter_box2.txt","POND","UM-ARB_2022-02-11_Air_2","UM-ARB",2022-02-11,"Air","2",388.45432,446.1465,1.01309,0,0.51392
"119","4/23/22 1:19","20220422_gorskywinter_box2.txt","POND","LM-ARB_2022-02-11_Air_1","LM-ARB",2022-02-11,"Air","1",356.93505,423.631,1.18796,0,0.5138
"120","4/23/22 1:34","20220422_gorskywinter_box2.txt","POND","LM-ARB_2022-02-11_Air_2","LM-ARB",2022-02-11,"Air","2",346.28418,417.45445,1.26592,0,0.51457
"121","4/23/22 1:49","20220422_gorskywinter_box2.txt","POND","HP_2022-01-12_Surface_1","HP",2022-01-12,"Surface","1",1552.2016,1528.6145,222.64047,0,1.55879
"122","4/23/22 2:04","20220422_gorskywinter_box2.txt","POND","HP_2022-01-12_Surface_2","HP",2022-01-12,"Surface","2",1232.50602,1227.4364,141.82892,0,1.20614
"123","4/23/22 2:20","20220422_gorskywinter_box2.txt","POND","HP_2022-01-12_Surface_3","HP",2022-01-12,"Surface","3",1620.41295,1579.01092,220.43383,0,1.61019
"124","4/23/22 2:35","20220422_gorskywinter_box2.txt","POND","LM-ARB_2022-01-12_Surface_1","LM-ARB",2022-01-12,"Surface","1",7271.01568,6701.89466,317.04508,317.88512,0.60851
"125","4/23/22 2:50","20220422_gorskywinter_box2.txt","POND","LM-ARB_2022-01-12_Surface_2","LM-ARB",2022-01-12,"Surface","2",5989.80682,5557.84926,163.42147,0,0.63778
"126","4/23/22 3:05","20220422_gorskywinter_box2.txt","POND","LM-ARB_2022-01-12_Surface_3","LM-ARB",2022-01-12,"Surface","3",3871.14917,3632.49532,76.14424,0,0.59704
"127","4/23/22 3:20","20220422_gorskywinter_box2.txt","POND","UM-ARB_2022-01-12_Surface_1","UM-ARB",2022-01-12,"Surface","1",12965.28923,11863.62123,5200.54687,5299.29279,2.33047
"128","4/23/22 3:35","20220422_gorskywinter_box2.txt","POND","UM-ARB_2022-01-12_Surface_2","UM-ARB",2022-01-12,"Surface","2",12694.51395,11637.90554,5744.69652,5864.33277,1.98184
"129","4/23/22 3:51","20220422_gorskywinter_box2.txt","POND","UM-ARB_2022-01-12_Surface_3","UM-ARB",2022-01-12,"Surface","3",12843.92858,11764.58326,5940.4692,6054.87507,1.85979
"130","4/23/22 4:06","20220422_gorskywinter_box2.txt","POND","OPP-E_2022-01-12_Surface_1","OPP-E",2022-01-12,"Surface","1",2188.92309,2126.3236,23.66896,0,0.42357
"131","4/23/22 4:21","20220422_gorskywinter_box2.txt","POND","OPP-E_2022-01-12_Surface_2","OPP-E",2022-01-12,"Surface","2",2052.95416,1981.89767,16.36906,0,0.41786
"132","4/23/22 4:36","20220422_gorskywinter_box2.txt","POND","OPP-E_2022-01-12_Surface_3","OPP-E",2022-01-12,"Surface","3",1945.77825,1882.59915,16.92565,0,0.41487
"133","4/23/22 4:51","20220422_gorskywinter_box2.txt","POND","OPP-W_2022-01-12_Surface_1","OPP-W",2022-01-12,"Surface","1",5967.94014,5546.35383,54.81853,0,1.98667
"134","4/23/22 5:06","20220422_gorskywinter_box2.txt","POND","OPP-W_2022-01-12_Surface_2","OPP-W",2022-01-12,"Surface","2",5785.85802,5364.50014,54.16403,0,1.95259
"135","4/23/22 5:22","20220422_gorskywinter_box2.txt","POND","OPP-W_2022-01-12_Surface_3","OPP-W",2022-01-12,"Surface","3",5468.68572,5078.62498,72.66522,0,2.11474
"136","4/23/22 5:37","20220422_gorskywinter_box2.txt","POND","L60_2022-01-13_Surface_1","L60",2022-01-13,"Surface","1",5275.06781,4894.34992,941.7208,962.32086,0.25213
"137","4/23/22 5:52","20220422_gorskywinter_box2.txt","POND","L60_2022-01-13_Surface_2","L60",2022-01-13,"Surface","2",5361.77635,4984.81713,1008.44438,1016.87175,0.25165
"138","4/23/22 6:07","20220422_gorskywinter_box2.txt","POND","L60_2022-01-13_Surface_3","L60",2022-01-13,"Surface","3",5340.34379,4958.40453,920.59227,936.83965,0.25239
"139","4/23/22 6:22","20220422_gorskywinter_box2.txt","POND","ALC_2022-01-13_Surface_1","ALC",2022-01-13,"Surface","1",2714.36279,2589.31259,670.96909,676.2814,0.3799
"140","4/23/22 6:37","20220422_gorskywinter_box2.txt","POND","ALC_2022-01-13_Surface_2","ALC",2022-01-13,"Surface","2",2690.36839,2560.06687,660.43089,662.58084,0.38234
"141","4/23/22 6:53","20220422_gorskywinter_box2.txt","POND","ALC_2022-01-13_Surface_3","ALC",2022-01-13,"Surface","3",2619.85685,2493.03604,628.45071,638.42246,0.37704
"142","4/23/22 7:08","20220422_gorskywinter_box2.txt","POND","DCSW1_2022-01-13_Surface_1","DCSW1",2022-01-13,"Surface","1",733.91718,780.26319,100.28305,0,0.44172
"143","4/23/22 7:23","20220422_gorskywinter_box2.txt","POND","DCSW1_2022-01-13_Surface_2","DCSW1",2022-01-13,"Surface","2",757.66679,795.67187,99.73091,0,0.44704
"144","4/23/22 7:38","20220422_gorskywinter_box2.txt","POND","DCSW1_2022-01-13_Surface_3","DCSW1",2022-01-13,"Surface","3",748.14483,801.34824,105.18168,0,0.442
"145","4/23/22 7:53","20220422_gorskywinter_box2.txt","POND","DCSW2_2022-01-13_Surface_1","DCSW2",2022-01-13,"Surface","1",618.89389,665.94542,539.16518,538.73377,0.64257
"146","4/23/22 8:08","20220422_gorskywinter_box2.txt","POND","DCSW2_2022-01-13_Surface_2","DCSW2",2022-01-13,"Surface","2",625.44482,679.14113,517.96134,532.44457,0.64433
"147","4/23/22 8:24","20220422_gorskywinter_box2.txt","POND","DCSW2_2022-01-13_Surface_3","DCSW2",2022-01-13,"Surface","3",640.16267,685.99031,558.83164,562.72529,0.61228
"148","4/23/22 8:39","20220422_gorskywinter_box2.txt","POND","DCSW3_2022-01-13_Surface_1","DCSW3",2022-01-13,"Surface","1",256.54744,340.89975,42.02607,0,0.4513
"149","4/23/22 8:54","20220422_gorskywinter_box2.txt","POND","DCSW3_2022-01-13_Surface_2","DCSW3",2022-01-13,"Surface","2",208.77719,271.98771,51.44929,0,0.43169
"150","4/23/22 9:09","20220422_gorskywinter_box2.txt","POND","DCSW3_2022-01-13_Surface_3","DCSW3",2022-01-13,"Surface","3",286.92951,351.40691,41.25823,0,0.4493
"151","4/23/22 9:24","20220422_gorskywinter_box2.txt","POND","CAP_2022-01-13_Surface_1","CAP",2022-01-13,"Surface","1",360.66948,432.13664,1.24909,0,0.52135
"152","4/23/22 9:40","20220422_gorskywinter_box2.txt","POND","CAP_2022-01-13_Surface_2","CAP",2022-01-13,"Surface","2",3148.06229,2987.75247,163.17359,0,0.15845
"153","4/23/22 9:55","20220422_gorskywinter_box2.txt","POND","CAP_2022-01-13_Surface_3","CAP",2022-01-13,"Surface","3",2976.06156,2819.74898,259.26113,0,0.15658
"154","4/23/22 10:10","20220422_gorskywinter_box2.txt","POND","DOBA5_2022-01-13_Surface_1","DOBA5",2022-01-13,"Surface","1",114.62221,NA,256.49986,NA,0.43326
"155","4/23/22 10:25","20220422_gorskywinter_box2.txt","POND","DOBA5_2022-01-13_Surface_2","DOBA5",2022-01-13,"Surface","2",78.81974,0,352.76416,349.81257,0.43554
"156","4/23/22 10:40","20220422_gorskywinter_box2.txt","POND","DOBA5_2022-01-13_Surface_3","DOBA5",2022-01-13,"Surface","3",58.07459,0,296.70267,296.86861,0.44746
"157","4/23/22 10:55","20220422_gorskywinter_box2.txt","POND","DOBA4_2022-01-13_Surface_1","DOBA4",2022-01-13,"Surface","1",329.48995,395.15505,206.90927,0,0.30762
"158","4/23/22 11:10","20220422_gorskywinter_box2.txt","POND","DOBA4_2022-01-13_Surface_2","DOBA4",2022-01-13,"Surface","2",418.00312,473.89908,183.88993,0,0.30351
"159","4/23/22 11:25","20220422_gorskywinter_box2.txt","POND","DOBA4_2022-01-13_Surface_3","DOBA4",2022-01-13,"Surface","3",383.93371,451.72129,199.82819,0,0.30454
"160","4/23/22 11:41","20220422_gorskywinter_box2.txt","POND","KP_2022-01-14_Surface_1","KP",2022-01-14,"Surface","1",19318.86401,17651.9511,19982.7049,20701.0364,0.08963
"161","4/23/22 11:56","20220422_gorskywinter_box2.txt","POND","KP_2022-01-14_Surface_2","KP",2022-01-14,"Surface","2",19082.51507,17423.42026,19610.07332,20302.71458,0.08316
"162","4/23/22 12:11","20220422_gorskywinter_box2.txt","POND","KP_2022-01-14_Surface_3","KP",2022-01-14,"Surface","3",18982.99041,17340.42797,18545.10517,19173.48852,0.07868
"163","4/23/22 12:26","20220422_gorskywinter_box2.txt","POND","MDT_2022-01-14_Surface_1","MDT",2022-01-14,"Surface","1",132.4688,208.81554,49.88654,0,0.38245
"164","4/23/22 12:41","20220422_gorskywinter_box2.txt","POND","MDT_2022-01-14_Surface_2","MDT",2022-01-14,"Surface","2",152.19498,229.47234,21.32532,0,0.38488
"165","4/23/22 12:56","20220422_gorskywinter_box2.txt","POND","MDT_2022-01-14_Surface_3","MDT",2022-01-14,"Surface","3",100.38941,NA,15.07461,NA,0.37689
"166","4/23/22 13:11","20220422_gorskywinter_box2.txt","POND","ELV_2022-01-14_Surface_1","ELV",2022-01-14,"Surface","1",224.8643,294.24421,100.98174,0,0.53772
"167","4/23/22 13:27","20220422_gorskywinter_box2.txt","POND","ELV_2022-01-14_Surface_2","ELV",2022-01-14,"Surface","2",208.96391,285.62025,125.84774,0,0.54287
"168","4/23/22 13:42","20220422_gorskywinter_box2.txt","POND","ELV_2022-01-14_Surface_3","ELV",2022-01-14,"Surface","3",443.27667,527.42468,41.33873,0,0.53392
"169","4/23/22 13:57","20220422_gorskywinter_box2.txt","POND","O-N_2022-01-14_Surface_1","O-N",2022-01-14,"Surface","1",1121.08423,1146.47329,11.39504,0,2.84064
"170","4/23/22 14:12","20220422_gorskywinter_box2.txt","POND","O-N_2022-01-14_Surface_2","O-N",2022-01-14,"Surface","2",1150.20294,1169.48117,24.52826,0,2.65214
"171","4/23/22 14:27","20220422_gorskywinter_box2.txt","POND","O-N_2022-01-14_Surface_3","O-N",2022-01-14,"Surface","3",1196.69825,1207.83796,28.79292,0,2.61134
"172","4/23/22 14:42","20220422_gorskywinter_box2.txt","POND","O-S_2022-01-14_Surface_1","O-S",2022-01-14,"Surface","1",925.13396,958.01806,85.16755,0,0.71195
"173","4/23/22 14:58","20220422_gorskywinter_box2.txt","POND","O-S_2022-01-14_Surface_2","O-S",2022-01-14,"Surface","2",922.27671,962.64989,91.44319,0,0.70013
"174","4/23/22 15:13","20220422_gorskywinter_box2.txt","POND","O-S_2022-01-14_Surface_3","O-S",2022-01-14,"Surface","3",934.18359,947.97275,93.37362,0,0.69865
"175","4/23/22 15:28","20220422_gorskywinter_box2.txt","POND","DOBA7_2022-01-14_Surface_1","DOBA7",2022-01-14,"Surface","1",33.61145,NA,245.82464,NA,0.75472
"176","4/23/22 15:43","20220422_gorskywinter_box2.txt","POND","DOBA7_2022-01-14_Surface_2","DOBA7",2022-01-14,"Surface","2",33.07628,NA,251.11989,NA,0.75606
"177","4/23/22 15:58","20220422_gorskywinter_box2.txt","POND","DOBA7_2022-01-14_Surface_3","DOBA7",2022-01-14,"Surface","3",78.09494,0,399.99986,401.36171,0.76295
"178","4/23/22 16:13","20220422_gorskywinter_box2.txt","POND","DOBA8_2022-01-14_Surface_1","DOBA8",2022-01-14,"Surface","1",1175.48992,1188.26283,43.29635,0,0.57256
"179","4/23/22 16:29","20220422_gorskywinter_box2.txt","POND","DOBA8_2022-01-14_Surface_2","DOBA8",2022-01-14,"Surface","2",1348.28394,1362.56586,96.18972,0,0.62021
"180","4/23/22 16:44","20220422_gorskywinter_box2.txt","POND","DOBA8_2022-01-14_Surface_3","DOBA8",2022-01-14,"Surface","3",1307.99867,1309.81359,88.21536,0,0.60242
"181","4/23/22 16:59","20220422_gorskywinter_box2.txt","POND","HP_2022-01-31_Surface_1","HP",2022-01-31,"Surface","1",1873.5005,1837.82637,170.35419,0,1.28035
"182","4/23/22 17:14","20220422_gorskywinter_box2.txt","POND","HP_2022-01-31_Surface_2","HP",2022-01-31,"Surface","2",1911.29217,1862.68377,184.35531,0,1.30082
"183","4/23/22 17:29","20220422_gorskywinter_box2.txt","POND","HP_2022-01-31_Surface_3","HP",2022-01-31,"Surface","3",1934.71006,1882.95499,173.36828,0,1.28864
"184","4/23/22 17:44","20220422_gorskywinter_box2.txt","POND","L60_2022-01-31_Surface_1","L60",2022-01-31,"Surface","1",7723.99508,7135.36326,2983.5777,3026.76221,0.08474
"185","4/23/22 17:59","20220422_gorskywinter_box2.txt","POND","L60_2022-01-31_Surface_2","L60",2022-01-31,"Surface","2",7884.33879,7270.38864,2994.21386,3039.27244,0.09412
"186","4/23/22 18:15","20220422_gorskywinter_box2.txt","POND","L60_2022-01-31_Surface_3","L60",2022-01-31,"Surface","3",7967.86952,7348.9767,3129.24359,3180.18987,0.07778
"187","4/23/22 18:30","20220422_gorskywinter_box2.txt","POND","LM-ARB_2022-01-31_Surface_1","LM-ARB",2022-01-31,"Surface","1",11119.39337,10233.04361,1546.14344,1575.4824,0.23523
"188","4/23/22 18:45","20220422_gorskywinter_box2.txt","POND","LM-ARB_2022-01-31_Surface_2","LM-ARB",2022-01-31,"Surface","2",11245.13691,10343.29924,1508.35583,1524.46762,0.24513
"189","4/23/22 19:00","20220422_gorskywinter_box2.txt","POND","LM-ARB_2022-01-31_Surface_3","LM-ARB",2022-01-31,"Surface","3",11008.91439,10133.42618,1538.06912,1570.71888,0.24249
"190","4/23/22 19:15","20220422_gorskywinter_box2.txt","POND","UM-ARB_2022-01-31_Surface_1","UM-ARB",2022-01-31,"Surface","1",14464.96409,13268.92672,9251.52433,9486.40151,0.15585
"191","4/23/22 19:30","20220422_gorskywinter_box2.txt","POND","UM-ARB_2022-01-31_Surface_2","UM-ARB",2022-01-31,"Surface","2",14052.15591,12908.12809,8744.59822,8984.82819,0.18685
"192","4/23/22 19:46","20220422_gorskywinter_box2.txt","POND","UM-ARB_2022-01-31_Surface_3","UM-ARB",2022-01-31,"Surface","3",14460.64255,13275.76912,8827.4474,9055.2929,0.17106
"193","4/23/22 20:01","20220422_gorskywinter_box2.txt","POND","OPP-E_2022-01-31_Surface_1","OPP-E",2022-01-31,"Surface","1",4605.26308,4343.53006,29.2574,0,0.35904
"194","4/23/22 20:16","20220422_gorskywinter_box2.txt","POND","OPP-E_2022-01-31_Surface_2","OPP-E",2022-01-31,"Surface","2",4613.15935,4326.10003,16.59085,0,0.37492
"195","4/23/22 20:31","20220422_gorskywinter_box2.txt","POND","OPP-E_2022-01-31_Surface_3","OPP-E",2022-01-31,"Surface","3",4541.14806,4261.18311,21.05863,0,0.37944
"196","4/23/22 20:46","20220422_gorskywinter_box2.txt","POND","OPP-W_2022-01-31_Surface_1","OPP-W",2022-01-31,"Surface","1",8006.39172,7397.04327,23.6203,0,4.85179
"197","4/23/22 21:01","20220422_gorskywinter_box2.txt","POND","OPP-W_2022-01-31_Surface_2","OPP-W",2022-01-31,"Surface","2",7827.52137,7232.4967,31.59169,0,4.744
"198","4/23/22 21:16","20220422_gorskywinter_box2.txt","POND","OPP-W_2022-01-31_Surface_3","OPP-W",2022-01-31,"Surface","3",7951.24449,7347.77359,25.30706,0,4.76466
"199","4/23/22 21:32","20220422_gorskywinter_box2.txt","POND","ALC_2022-01-27_Surface_1","ALC",2022-01-27,"Surface","1",5979.3489,5556.73971,408.50378,425.96831,0.22692
"200","4/23/22 21:47","20220422_gorskywinter_box2.txt","POND","ALC_2022-01-27_Surface_2","ALC",2022-01-27,"Surface","2",6084.22834,5670.95996,425.79106,441.34232,0.20636
"201","4/23/22 22:02","20220422_gorskywinter_box3.txt","POND","ALC_2022-01-27_Surface_3","ALC",2022-01-27,"Surface","3",5937.88475,5520.99355,426.62631,428.86099,0.21196
"202","4/23/22 22:17","20220422_gorskywinter_box3.txt","POND","DCSW1_2022-01-27_Surface_1","DCSW1",2022-01-27,"Surface","1",2702.22254,2584.3484,24.03407,0,0.41404
"203","4/23/22 22:32","20220422_gorskywinter_box3.txt","POND","DCSW1_2022-01-27_Surface_2","DCSW1",2022-01-27,"Surface","2",2688.68591,2573.21054,22.37898,0,0.41062
"204","4/23/22 22:48","20220422_gorskywinter_box3.txt","POND","DCSW1_2022-01-27_Surface_2","DCSW1",2022-01-27,"Surface","2",2628.48343,2531.71486,22.35731,0,0.41387
"205","4/23/22 23:03","20220422_gorskywinter_box3.txt","POND","DCSW2_2022-01-27_Surface_1","DCSW2",2022-01-27,"Surface","1",2197.45252,2124.08961,921.71175,928.91954,0.54755
"206","4/23/22 23:18","20220422_gorskywinter_box3.txt","POND","DCSW2_2022-01-27_Surface_2","DCSW2",2022-01-27,"Surface","2",2134.28676,2065.65713,920.37691,938.39586,0.53165
"207","4/23/22 23:33","20220422_gorskywinter_box3.txt","POND","DCSW2_2022-01-27_Surface_2","DCSW2",2022-01-27,"Surface","2",2231.37597,2165.53492,803.25797,807.63908,0.55606
"208","4/23/22 23:48","20220422_gorskywinter_box3.txt","POND","DCSW3_2022-01-27_Surface_1","DCSW3",2022-01-27,"Surface","1",715.74758,762.58179,104.72144,0,0.40408
"209","4/24/22 0:03","20220422_gorskywinter_box3.txt","POND","DCSW3_2022-01-27_Surface_2","DCSW3",2022-01-27,"Surface","2",671.13538,726.57167,94.66595,0,0.41055
"210","4/24/22 0:19","20220422_gorskywinter_box3.txt","POND","DCSW3_2022-01-27_Surface_2","DCSW3",2022-01-27,"Surface","2",692.41405,741.12441,98.61205,0,0.40531
"211","4/24/22 0:34","20220422_gorskywinter_box3.txt","POND","CAP_2022-01-27_Surface_1","CAP",2022-01-27,"Surface","1",5022.13976,4693.48852,2280.97067,2324.81093,0.06683
"212","4/24/22 0:49","20220422_gorskywinter_box3.txt","POND","CAP_2022-01-27_Surface_2","CAP",2022-01-27,"Surface","2",5138.34408,4793.14318,2295.34456,2329.72658,0.06523
"213","4/24/22 1:04","20220422_gorskywinter_box3.txt","POND","CAP_2022-01-27_Surface_2","CAP",2022-01-27,"Surface","2",4882.48166,4557.22495,2240.50219,2274.51864,0.07653
"214","4/24/22 1:19","20220422_gorskywinter_box3.txt","POND","DOBA5_2022-01-27_Surface_1","DOBA5",2022-01-27,"Surface","1",4093.82832,3847.58762,3405.68412,3470.24746,0.07268
"215","4/24/22 1:35","20220422_gorskywinter_box3.txt","POND","DOBA5_2022-01-27_Surface_2","DOBA5",2022-01-27,"Surface","2",4055.78928,3819.96287,3330.51657,3391.70505,0.07843
"216","4/24/22 1:50","20220422_gorskywinter_box3.txt","POND","DOBA5_2022-01-27_Surface_2","DOBA5",2022-01-27,"Surface","2",3999.14028,3761.63594,3955.02335,4030.10788,0.06934
"217","4/24/22 2:05","20220422_gorskywinter_box3.txt","POND","DOBA4_2022-01-27_Surface_1","DOBA4",2022-01-27,"Surface","1",3028.85068,2878.6087,251.05208,0,0.20485
"218","4/24/22 2:20","20220422_gorskywinter_box3.txt","POND","DOBA4_2022-01-27_Surface_2","DOBA4",2022-01-27,"Surface","2",2801.56439,2678.3983,271.14267,275.41752,0.21854
"219","4/24/22 2:35","20220422_gorskywinter_box3.txt","POND","DOBA4_2022-01-27_Surface_2","DOBA4",2022-01-27,"Surface","2",3224.77029,3063.96792,177.78539,0,0.21629
"220","4/24/22 2:51","20220422_gorskywinter_box3.txt","POND","KP_2022-01-30_Surface_1","KP",2022-01-30,"Surface","1",32523.49099,29867.40829,40403.89113,42245.9459,0.07479
"221","4/24/22 3:06","20220422_gorskywinter_box3.txt","POND","KP_2022-01-30_Surface_2","KP",2022-01-30,"Surface","2",32377.55621,29753.25135,42771.17642,44702.41168,0.06137
"222","4/24/22 3:21","20220422_gorskywinter_box3.txt","POND","KP_2022-01-30_Surface_3","KP",2022-01-30,"Surface","3",33001.24709,30311.85975,42306.03395,44230.13377,0.06692
"223","4/24/22 3:36","20220422_gorskywinter_box3.txt","POND","ELV_2022-01-30_Surface_1","ELV",2022-01-30,"Surface","1",886.52094,915.36462,364.64503,364.8327,0.50432
"224","4/24/22 3:51","20220422_gorskywinter_box3.txt","POND","ELV_2022-01-30_Surface_2","ELV",2022-01-30,"Surface","2",882.56787,915.16533,289.14116,285.47074,0.50528
"225","4/24/22 4:07","20220422_gorskywinter_box3.txt","POND","ELV_2022-01-30_Surface_3","ELV",2022-01-30,"Surface","3",802.85632,841.1569,369.7499,368.61581,0.51534
"226","4/24/22 4:22","20220422_gorskywinter_box3.txt","POND","MDT_2022-01-30_Surface_1","MDT",2022-01-30,"Surface","1",1524.06797,1511.27093,22.78866,0,0.3681
"227","4/24/22 4:37","20220422_gorskywinter_box3.txt","POND","MDT_2022-01-30_Surface_2","MDT",2022-01-30,"Surface","2",1572.76359,1552.27613,26.47258,0,0.36533
"228","4/24/22 4:52","20220422_gorskywinter_box3.txt","POND","MDT_2022-01-30_Surface_3","MDT",2022-01-30,"Surface","3",1533.34462,1536.78475,21.21731,0,0.37849
"229","4/24/22 5:07","20220422_gorskywinter_box3.txt","POND","O-N_2022-01-30_Surface_1","O-N",2022-01-30,"Surface","1",715.84485,756.55297,32.94967,0,3.47494
"230","4/24/22 5:23","20220422_gorskywinter_box3.txt","POND","O-N_2022-01-30_Surface_2","O-N",2022-01-30,"Surface","2",778.16542,808.66277,69.47616,0,3.54954
"231","4/24/22 5:38","20220422_gorskywinter_box3.txt","POND","O-N_2022-01-30_Surface_3","O-N",2022-01-30,"Surface","3",949.13251,985.68728,379.61796,386.14147,3.39702
"232","4/24/22 5:53","20220422_gorskywinter_box3.txt","POND","O-S_2022-01-30_Surface_1","O-S",2022-01-30,"Surface","1",2077.94455,2006.64999,23.98942,0,1.15808
"233","4/24/22 6:08","20220422_gorskywinter_box3.txt","POND","O-S_2022-01-30_Surface_2","O-S",2022-01-30,"Surface","2",2197.33917,2126.31638,35.66064,0,1.22568
"234","4/24/22 6:23","20220422_gorskywinter_box3.txt","POND","O-S_2022-01-30_Surface_3","O-S",2022-01-30,"Surface","3",2159.20106,2084.09254,26.75744,0,1.20945
"235","4/24/22 6:39","20220422_gorskywinter_box3.txt","POND","DOBA7_2022-01-31_Surface_1","DOBA7",2022-01-31,"Surface","1",982.72401,1006.70537,3901.45609,3971.92493,1.04721
"236","4/24/22 6:54","20220422_gorskywinter_box3.txt","POND","DOBA7_2022-01-31_Surface_2","DOBA7",2022-01-31,"Surface","2",980.00092,1006.01961,3755.70312,3834.23444,1.05558
"237","4/24/22 7:09","20220422_gorskywinter_box3.txt","POND","DOBA7_2022-01-31_Surface_3","DOBA7",2022-01-31,"Surface","3",840.21715,880.59553,4052.11203,4134.29345,1.04533
"238","4/24/22 7:24","20220422_gorskywinter_box3.txt","POND","DOBA8_2022-01-30_Surface_1","DOBA8",2022-01-30,"Surface","1",4617.9087,4329.53001,165.6633,0,0.34602
"239","4/24/22 7:39","20220422_gorskywinter_box3.txt","POND","DOBA8_2022-01-30_Surface_2","DOBA8",2022-01-30,"Surface","2",4581.25027,4297.87636,137.58772,0,0.35356
"240","4/24/22 7:55","20220422_gorskywinter_box3.txt","POND","DOBA8_2022-01-30_Surface_3","DOBA8",2022-01-30,"Surface","3",4506.18982,4237.66144,181.04764,0,0.34701
"241","4/24/22 8:10","20220422_gorskywinter_box3.txt","POND","HP_2022-02-09_Surface_1","HP",2022-02-09,"Surface","1",1656.96941,1633.14273,211.61214,0,1.29616
"242","4/24/22 8:25","20220422_gorskywinter_box3.txt","POND","HP_2022-02-09_Surface_2","HP",2022-02-09,"Surface","2",1733.92641,1697.81732,169.44467,0,1.37268
"243","4/24/22 8:40","20220422_gorskywinter_box3.txt","POND","HP_2022-02-09_Surface_3","HP",2022-02-09,"Surface","3",1676.12313,1647.84973,253.20007,0,1.30362
"244","4/24/22 8:56","20220422_gorskywinter_box3.txt","POND","L60_2022-02-09_Surface_1","L60",2022-02-09,"Surface","1",8036.63715,7409.33174,4572.65813,4653.82538,0.08685
"245","4/24/22 9:11","20220422_gorskywinter_box3.txt","POND","L60_2022-02-09_Surface_2","L60",2022-02-09,"Surface","2",7958.74054,7340.10454,4851.72729,4942.19426,0.08011
"246","4/24/22 9:26","20220422_gorskywinter_box3.txt","POND","L60_2022-02-09_Surface_3","L60",2022-02-09,"Surface","3",7893.50655,7278.36598,4528.54401,4613.00724,0.08817
"247","4/24/22 9:41","20220422_gorskywinter_box3.txt","POND","ALC_2022-02-09_Surface_1","ALC",2022-02-09,"Surface","1",7982.32386,7356.22097,7356.51921,7513.04988,0.08314
"248","4/24/22 9:56","20220422_gorskywinter_box3.txt","POND","ALC_2022-02-09_Surface_2","ALC",2022-02-09,"Surface","2",7901.81696,7295.14824,7193.49753,7347.4806,0.08983
"249","4/24/22 10:12","20220422_gorskywinter_box3.txt","POND","ALC_2022-02-09_Surface_3","ALC",2022-02-09,"Surface","3",8072.79998,7433.79972,7310.80544,7463.50843,0.08687
"250","4/24/22 10:27","20220422_gorskywinter_box3.txt","POND","DOBA5_2022-02-09_Surface_1","DOBA5",2022-02-09,"Surface","1",3277.44204,3092.46333,671.09848,677.21764,0.0937
"251","4/24/22 10:42","20220422_gorskywinter_box3.txt","POND","DOBA5_2022-02-09_Surface_2","DOBA5",2022-02-09,"Surface","2",3361.06943,3168.85435,701.57233,711.50721,0.07887
"252","4/24/22 10:57","20220422_gorskywinter_box3.txt","POND","DOBA5_2022-02-09_Surface_3","DOBA5",2022-02-09,"Surface","3",2775.3027,2635.72309,1239.35124,1256.39876,0.07402
"253","4/24/22 11:12","20220422_gorskywinter_box3.txt","POND","DOBA4_2022-02-09_Surface_1","DOBA4",2022-02-09,"Surface","1",2201.35301,2117.67387,494.36609,502.03735,0.11461
"254","4/24/22 11:28","20220422_gorskywinter_box3.txt","POND","DOBA4_2022-02-09_Surface_2","DOBA4",2022-02-09,"Surface","2",2197.52089,2118.49121,465.45649,466.16648,0.12051
"255","4/24/22 11:43","20220422_gorskywinter_box3.txt","POND","DOBA4_2022-02-09_Surface_3","DOBA4",2022-02-09,"Surface","3",2184.72935,2110.74629,458.11962,451.40154,0.12931
"256","4/24/22 11:58","20220422_gorskywinter_box3.txt","POND","DCSW1_2022-02-09_Surface_1","DCSW1",2022-02-09,"Surface","1",4656.8961,4344.96854,67.28425,0,0.36006
"257","4/24/22 12:13","20220422_gorskywinter_box3.txt","POND","DCSW1_2022-02-09_Surface_2","DCSW1",2022-02-09,"Surface","2",4674.58714,4354.8056,70.34974,0,0.35772
"258","4/24/22 12:28","20220422_gorskywinter_box3.txt","POND","DCSW1_2022-02-09_Surface_3","DCSW1",2022-02-09,"Surface","3",4591.41727,4298.98759,68.50823,0,0.3553
"259","4/24/22 12:44","20220422_gorskywinter_box3.txt","POND","DCSW2_2022-02-09_Surface_1","DCSW2",2022-02-09,"Surface","1",4801.00242,4476.70459,1534.8752,1558.57671,0.48871
"260","4/24/22 12:59","20220422_gorskywinter_box3.txt","POND","DCSW2_2022-02-09_Surface_2","DCSW2",2022-02-09,"Surface","2",4759.57331,4433.45559,1624.66407,1641.21413,0.48536
"261","4/24/22 13:14","20220422_gorskywinter_box3.txt","POND","DCSW2_2022-02-09_Surface_3","DCSW2",2022-02-09,"Surface","3",4541.13898,4236.42497,1538.38756,1559.99988,0.46307
"262","4/24/22 13:29","20220422_gorskywinter_box3.txt","POND","DCSW3_2022-02-09_Surface_1","DCSW3",2022-02-09,"Surface","1",1261.3972,1259.54396,89.56588,0,0.32988
"263","4/24/22 13:44","20220422_gorskywinter_box3.txt","POND","DCSW3_2022-02-09_Surface_2","DCSW3",2022-02-09,"Surface","2",1318.56463,1321.02824,98.40353,0,0.3282
"264","4/24/22 14:00","20220422_gorskywinter_box3.txt","POND","DCSW3_2022-02-09_Surface_3","DCSW3",2022-02-09,"Surface","3",1268.4098,1271.13534,85.59626,0,0.32717
"265","4/24/22 14:15","20220422_gorskywinter_box3.txt","POND","CAP_2022-02-09_Surface_1","CAP",2022-02-09,"Surface","1",5269.93774,4892.36047,4813.19311,4884.22233,0.08341
"266","4/24/22 14:30","20220422_gorskywinter_box3.txt","POND","CAP_2022-02-09_Surface_2","CAP",2022-02-09,"Surface","2",5299.12946,4922.38127,4927.25856,5010.20251,0.08473
"267","4/24/22 14:45","20220422_gorskywinter_box3.txt","POND","CAP_2022-02-09_Surface_3","CAP",2022-02-09,"Surface","3",5288.89977,4923.2273,4822.45762,4906.74434,0.08909
"268","4/24/22 15:01","20220422_gorskywinter_box3.txt","POND","KP_2022-02-10_Surface_1","KP",2022-02-10,"Surface","1",41755.98922,38378.33593,55144.83616,57454.00097,0.07779
"269","4/24/22 15:16","20220422_gorskywinter_box3.txt","POND","KP_2022-02-10_Surface_2","KP",2022-02-10,"Surface","2",41503.91457,38171.07076,59041.12419,61514.27998,0.05561
"270","4/24/22 15:31","20220422_gorskywinter_box3.txt","POND","KP_2022-02-10_Surface_3","KP",2022-02-10,"Surface","3",41773.06964,38403.59266,56514.40103,58868.26538,0.05775
"271","4/24/22 15:46","20220422_gorskywinter_box3.txt","POND","O-S_2022-02-10_Surface_1","O-S",2022-02-10,"Surface","1",2728.657,2600.21385,262.4964,256.61428,1.08177
"272","4/24/22 16:01","20220422_gorskywinter_box3.txt","POND","O-S_2022-02-10_Surface_2","O-S",2022-02-10,"Surface","2",2573.80944,2470.04867,72.02154,0,1.08093
"273","4/24/22 16:17","20220422_gorskywinter_box3.txt","POND","O-S_2022-02-10_Surface_3","O-S",2022-02-10,"Surface","3",2505.28051,2407.70705,67.85273,0,1.05018
"274","4/24/22 16:32","20220422_gorskywinter_box3.txt","POND","O-N_2022-02-10_Surface_1","O-N",2022-02-10,"Surface","1",823.85554,867.37058,53.61898,0,3.5507
"275","4/24/22 16:47","20220422_gorskywinter_box3.txt","POND","O-N_2022-02-10_Surface_2","O-N",2022-02-10,"Surface","2",811.36744,853.3348,46.66092,0,3.54557
"276","4/24/22 17:02","20220422_gorskywinter_box3.txt","POND","O-N_2022-02-10_Surface_3","O-N",2022-02-10,"Surface","3",804.53088,842.40578,45.39287,0,3.57186
"277","4/24/22 17:17","20220422_gorskywinter_box3.txt","POND","MDT_2022-02-10_Surface_1","MDT",2022-02-10,"Surface","1",1578.81318,1548.79043,57.57303,0,0.28128
"278","4/24/22 17:33","20220422_gorskywinter_box3.txt","POND","MDT_2022-02-10_Surface_2","MDT",2022-02-10,"Surface","2",1514.81163,1497.14242,38.37533,0,0.29004
"279","4/24/22 17:48","20220422_gorskywinter_box3.txt","POND","MDT_2022-02-10_Surface_3","MDT",2022-02-10,"Surface","3",1567.92368,1544.58431,40.70118,0,0.28981
"280","4/24/22 18:03","20220422_gorskywinter_box3.txt","POND","DOBA8_2022-02-10_Surface_1","DOBA8",2022-02-10,"Surface","1",4833.21566,4490.24607,996.8226,1010.35408,0.07989
"281","4/24/22 18:18","20220422_gorskywinter_box3.txt","POND","DOBA8_2022-02-10_Surface_2","DOBA8",2022-02-10,"Surface","2",4804.40837,4467.87209,966.07452,972.11345,0.08011
"282","4/24/22 18:34","20220422_gorskywinter_box3.txt","POND","DOBA8_2022-02-10_Surface_3","DOBA8",2022-02-10,"Surface","3",4790.47885,4450.83667,974.76688,984.90177,0.09908
"283","4/24/22 18:49","20220422_gorskywinter_box3.txt","POND","ELV_2022-02-10_Surface_1","ELV",2022-02-10,"Surface","1",599.37613,646.35884,1578.6396,1597.31409,0.48391
"284","4/24/22 19:04","20220422_gorskywinter_box3.txt","POND","ELV_2022-02-10_Surface_2","ELV",2022-02-10,"Surface","2",238.01129,309.42157,1978.92828,1998.70689,0.48215
"285","4/24/22 19:19","20220422_gorskywinter_box3.txt","POND","ELV_2022-02-10_Surface_3","ELV",2022-02-10,"Surface","3",205.32894,277.55552,2956.31727,2992.99937,0.48497
"286","4/24/22 19:34","20220422_gorskywinter_box3.txt","POND","LM-ARB_2022-02-11_Surface_1","LM-ARB",2022-02-11,"Surface","1",4320.72103,4026.31698,542.98811,542.2208,0.45155
"287","4/24/22 19:50","20220422_gorskywinter_box3.txt","POND","LM-ARB_2022-02-11_Surface_2","LM-ARB",2022-02-11,"Surface","2",4124.47232,3852.41332,534.6046,536.46325,0.45883
"288","4/24/22 20:05","20220422_gorskywinter_box3.txt","POND","LM-ARB_2022-02-11_Surface_3","LM-ARB",2022-02-11,"Surface","3",4396.78958,4105.81993,552.37908,551.16384,0.45988
"289","4/24/22 20:20","20220422_gorskywinter_box3.txt","POND","UM-ARB_2022-02-11_Surface_1","UM-ARB",2022-02-11,"Surface","1",16194.21313,14782.37719,12175.96112,12498.23139,0.98178
"290","4/24/22 20:35","20220422_gorskywinter_box3.txt","POND","UM-ARB_2022-02-11_Surface_2","UM-ARB",2022-02-11,"Surface","2",16405.33404,14974.06101,11404.90933,11683.25346,1.04953
"291","4/24/22 20:51","20220422_gorskywinter_box3.txt","POND","UM-ARB_2022-02-11_Surface_3","UM-ARB",2022-02-11,"Surface","3",16251.76683,14842.01322,12233.09089,12549.55642,1.04693
"292","4/24/22 21:06","20220422_gorskywinter_box3.txt","POND","OPP-W_2022-02-11_Surface_1","OPP-W",2022-02-11,"Surface","1",8996.89464,8256.32745,2109.55814,2135.09091,0.08972
"293","4/24/22 21:21","20220422_gorskywinter_box3.txt","POND","OPP-W_2022-02-11_Surface_2","OPP-W",2022-02-11,"Surface","2",8942.76901,8207.6006,2111.51326,2135.70925,0.0887
"294","4/24/22 21:36","20220422_gorskywinter_box3.txt","POND","OPP-W_2022-02-11_Surface_3","OPP-W",2022-02-11,"Surface","3",8169.04903,7508.35097,1839.74269,1856.87122,0.13802
"295","4/24/22 21:51","20220422_gorskywinter_box3.txt","POND","OPP-E_2022-02-11_Surface_1","OPP-E",2022-02-11,"Surface","1",4563.22531,4251.99002,241.06566,0,0.12762
"296","4/24/22 22:07","20220422_gorskywinter_box3.txt","POND","OPP-E_2022-02-11_Surface_2","OPP-E",2022-02-11,"Surface","2",4524.1214,4224.37896,276.75552,272.12079,0.1301
"297","4/24/22 22:22","20220422_gorskywinter_box3.txt","POND","OPP-E_2022-02-11_Surface_3","OPP-E",2022-02-11,"Surface","3",4570.1897,4263.07019,285.54118,286.46114,0.12301
"298","4/24/22 22:37","20220422_gorskywinter_box3.txt","POND","DOBA7_2022-02-11_Surface_1","DOBA7",2022-02-11,"Surface","1",2414.54504,2310.3411,7300.99762,7448.56737,1.01574
"299","4/24/22 22:52","20220422_gorskywinter_box3.txt","POND","DOBA7_2022-02-11_Surface_2","DOBA7",2022-02-11,"Surface","2",2405.30818,2302.25093,7999.51471,8171.51117,1.01914
"300","4/24/22 23:07","20220422_gorskywinter_box3.txt","POND","DOBA7_2022-02-11_Surface_3","DOBA7",2022-02-11,"Surface","3",2400.02119,2286.8608,7881.42433,8038.05037,1.02011
